"BehaviorSpace results (NetLogo 6.4.0)","Table version 2.0"
"huntingBout.nlogo"
"experiment-numbers2"
"04/23/2025 16:57:17:900 +0200"
"min-pxcor","max-pxcor","min-pycor","max-pycor"
"0","199","0","199"
"[run number]","display-waypoints","par_hunters_reactiontime_max","par_obstacle-damage","par_preys_tte_min","par_preys_fov","agent-scale","par_preys_reactiontime_max","par_preys_height_min","par_track-pregeneration-period","par_hunters_visualacuity_sd","par_preys_safe-distance","par_hunters_height_min","par_init-obstacle-scale","par_starting-point-buffer-distance","par_hunters_speed_avmax","par_preys_cooldowntime_min","par_track-mark-probability","par_preys_height_max","par_hunters_speed_stealth","par_hunters_speed_max","par_preys_speed_min","par_hunters_tte_max","par_num-preys","par_num-hunters","par_hunters_fov","par_preys_speed_max","par_prey-attractor-probability","par_num-planned-waypoints","par_preys_reactiontime_min","par_hunters_cooldowntime_min","par_wind-direction","par_preys_tte_max","par_preys_visualacuity_mean","SEED","par_hunters_height_stealth","par_preys_hearing_radius","par_preys_visualacuity_sd","print-messages","par_hunters_visualacuity_mean","par_hunters_hearing_radius","par_hunters_cooldowntime_max","par_preys_speed_avmax","par_max-shooting-distance","par_hunters_height_max","par_preys_group_max_size","par_hunters_speed_min","par_hunters_reactiontime_min","display-mode","par_wind-speed","par_hunters_tte_min","par_preys_cooldowntime_max","[step]","patch-width","max-perception-distance","track-maximum","good-daylight-duration","starting-point","wind-spread-angle","starting-point-buffer-distance","obstacle-damage","track-mark-probability","track-pregeneration-period","wind-speed","wind-direction","num-hunters","num-planned-waypoints","hunters_height_stealth","hunters_height_min","hunters_height_max","hunters_visualacuity_mean","hunters_visualacuity_sd","hunters_speed_stealth","hunters_speed_min","hunters_speed_max","hunters_speed_avmax","hunters_tte_min","hunters_tte_max","hunters_reactiontime_min","hunters_reactiontime_max","hunters_cooldowntime_min","hunters_cooldowntime_max","max-shooting-distance","hunters_hearing_radius","hunters_fov","num-preys","preys_group_max_size","preys_safe-distance","preys_height_min","preys_height_max","preys_visualacuity_mean","preys_visualacuity_sd","preys_speed_min","preys_speed_max","preys_speed_avmax","preys_tte_min","preys_tte_max","preys_reactiontime_min","preys_reactiontime_max","preys_cooldowntime_min","preys_cooldowntime_max","preys_hearing_radius","preys_fov","init-obstacle-scale","prey-attractor-probability","attractiveness-to-prey-max","planned-waypoints","visited-waypoints","discarded-waypoints","hunter-prey-detections","prey-hunter-detections","sneaks","pursues","shots","was-bout-successful","is-bout-finished","hunter-who-shot","prey-who-got-shot"
"2","true","30","0.01","60","300","1.5","100","1.5","7","15","500","1.5","5","1.5","15","200","0.1","2","50","30","30","30","15","1","200","75","1","5","60","400","0","100","33","1","50","300","20","false","65","50","800","30","50","2","5","5","5","tracks (hunters)","20","5","600","2422","50","100","5","28800","{patch 100 100}","30","1.5","0.01","0.1","7","0.1111111111111111","0","1","5","50","1.5","2","65","15","0.013888888888888888","0.027777777777777776","0.16666666666666669","0.08333333333333334","5","30","5","30","400","800","1","1","200","15","5","10","1.5","2","33","20","0.16666666666666669","0.41666666666666674","0.16666666666666669","60","100","60","100","200","600","6","300","5","1","28.377780209683642","{patches [100 100]}","[]","{patches [99 174] [92 120] [97 79] [44 43] [113 33]}","129","110","854","203","2","true","false"," (hunter 15)"," (prey 14)"
"6","true","30","0.01","60","300","1.5","100","1.5","7","15","500","1.5","5","1.5","15","200","0.1","2","50","30","30","30","15","1","200","75","1","5","60","400","0","100","33","5","50","300","20","false","65","50","800","30","50","2","5","5","5","tracks (hunters)","20","5","600","4078","50","100","5","28800","{patch 100 100}","30","1.5","0.01","0.1","7","0.1111111111111111","0","1","5","50","1.5","2","65","15","0.013888888888888888","0.027777777777777776","0.16666666666666669","0.08333333333333334","5","30","5","30","400","800","1","1","200","15","5","10","1.5","2","33","20","0.16666666666666669","0.41666666666666674","0.16666666666666669","60","100","60","100","200","600","6","300","5","1","20.750392226063806","{patches [100 100]}","[]","{patches [57 164] [23 104] [112 87] [84 39] [124 21]}","199","794","2128","545","20","true","false"," (hunter 15)"," (prey 0)"
"4","true","30","0.01","60","300","1.5","100","1.5","7","15","500","1.5","5","1.5","15","200","0.1","2","50","30","30","30","15","1","200","75","1","5","60","400","0","100","33","3","50","300","20","false","65","50","800","30","50","2","5","5","5","tracks (hunters)","20","5","600","4297","50","100","5","28800","{patch 100 100}","30","1.5","0.01","0.1","7","0.1111111111111111","0","1","5","50","1.5","2","65","15","0.013888888888888888","0.027777777777777776","0.16666666666666669","0.08333333333333334","5","30","5","30","400","800","1","1","200","15","5","10","1.5","2","33","20","0.16666666666666669","0.41666666666666674","0.16666666666666669","60","100","60","100","200","600","6","300","5","1","27.37430751605841","{patches [100 100]}","[]","{patches [65 131] [163 92] [14 70] [142 42] [59 7]}","167","1020","899","595","17","true","false"," (hunter 15)"," (prey 12)"
"3","true","30","0.01","60","300","1.5","100","1.5","7","15","500","1.5","5","1.5","15","200","0.1","2","50","30","30","30","15","1","200","75","1","5","60","400","0","100","33","2","50","300","20","false","65","50","800","30","50","2","5","5","5","tracks (hunters)","20","5","600","9013","50","100","5","28800","{patch 100 100}","30","1.5","0.01","0.1","7","0.1111111111111111","0","1","5","50","1.5","2","65","15","0.013888888888888888","0.027777777777777776","0.16666666666666669","0.08333333333333334","5","30","5","30","400","800","1","1","200","15","5","10","1.5","2","33","20","0.16666666666666669","0.41666666666666674","0.16666666666666669","60","100","60","100","200","600","6","300","5","1","20.031152590511027","{patches [100 100]}","[{patch 117 88}]","{patches [21 172] [95 171] [64 104] [39 93]}","94","246","760","206","7","true","false"," (hunter 15)"," (prey 8)"
"1","true","30","0.01","60","300","1.5","100","1.5","7","15","500","1.5","5","1.5","15","200","0.1","2","50","30","30","30","15","1","200","75","1","5","60","400","0","100","33","0","50","300","20","false","65","50","800","30","50","2","5","5","5","tracks (hunters)","20","5","600","11308","50","100","5","28800","{patch 100 100}","30","1.5","0.01","0.1","7","0.1111111111111111","0","1","5","50","1.5","2","65","15","0.013888888888888888","0.027777777777777776","0.16666666666666669","0.08333333333333334","5","30","5","30","400","800","1","1","200","15","5","10","1.5","2","33","20","0.16666666666666669","0.41666666666666674","0.16666666666666669","60","100","60","100","200","600","6","300","5","1","23.604399795447833","{patches [100 100]}","[]","{patches [75 106] [61 78] [87 72] [99 41] [124 25]}","547","711","3383","678","5","true","false"," (hunter 15)"," (prey 0)"
"7","true","30","0.01","60","300","1.5","100","1.5","7","15","500","1.5","5","1.5","15","200","0.1","2","50","30","30","30","15","1","200","75","1","5","60","400","0","100","33","6","50","300","20","false","65","50","800","30","50","2","5","5","5","tracks (hunters)","20","5","600","9886","50","100","5","28800","{patch 100 100}","30","1.5","0.01","0.1","7","0.1111111111111111","0","1","5","50","1.5","2","65","15","0.013888888888888888","0.027777777777777776","0.16666666666666669","0.08333333333333334","5","30","5","30","400","800","1","1","200","15","5","10","1.5","2","33","20","0.16666666666666669","0.41666666666666674","0.16666666666666669","60","100","60","100","200","600","6","300","5","1","22.81446441972407","{patches [100 100]}","[]","{patches [75 184] [191 165] [20 159] [130 65] [96 42]}","552","430","4468","519","28","true","false"," (hunter 15)"," (prey 0)"
"5","true","30","0.01","60","300","1.5","100","1.5","7","15","500","1.5","5","1.5","15","200","0.1","2","50","30","30","30","15","1","200","75","1","5","60","400","0","100","33","4","50","300","20","false","65","50","800","30","50","2","5","5","5","tracks (hunters)","20","5","600","29664","50","100","5","28800","{patch 100 100}","30","1.5","0.01","0.1","7","0.1111111111111111","0","1","5","50","1.5","2","65","15","0.013888888888888888","0.027777777777777776","0.16666666666666669","0.08333333333333334","5","30","5","30","400","800","1","1","200","15","5","10","1.5","2","33","20","0.16666666666666669","0.41666666666666674","0.16666666666666669","60","100","60","100","200","600","6","300","5","1","22.951673420698107","{patches [100 100]}","[{patch 83 120} {patch 84 180}]","{patches [100 100]}","573","906","2666","580","20","true","false"," (hunter 15)"," (prey 11)"
"12","true","30","0.01","60","300","1.5","100","1.5","7","15","500","1.5","5","1.5","15","200","0.1","2","50","30","30","30","15","2","200","75","1","5","60","400","0","100","33","0","50","300","20","false","65","50","800","30","50","2","5","5","5","tracks (hunters)","20","5","600","23964","50","100","5","28800","{patch 100 100}","30","1.5","0.01","0.1","7","0.1111111111111111","0","2","5","50","1.5","2","65","15","0.013888888888888888","0.027777777777777776","0.16666666666666669","0.08333333333333334","5","30","5","30","400","800","1","1","200","15","5","10","1.5","2","33","20","0.16666666666666669","0.41666666666666674","0.16666666666666669","60","100","60","100","200","600","6","300","5","1","23.604399795447833","{patches [100 100]}","[{patch 75 106} {patch 61 78}]","{patches [87 72] [99 41] [124 25]}","761","956","5299","710","1","true","false"," (hunter 15)"," (prey 7)"
"10","true","30","0.01","60","300","1.5","100","1.5","7","15","500","1.5","5","1.5","15","200","0.1","2","50","30","30","30","15","1","200","75","1","5","60","400","0","100","33","9","50","300","20","false","65","50","800","30","50","2","5","5","5","tracks (hunters)","20","5","600","34529","50","100","5","28800","{patch 100 100}","30","1.5","0.01","0.1","7","0.1111111111111111","0","1","5","50","1.5","2","65","15","0.013888888888888888","0.027777777777777776","0.16666666666666669","0.08333333333333334","5","30","5","30","400","800","1","1","200","15","5","10","1.5","2","33","20","0.16666666666666669","0.41666666666666674","0.16666666666666669","60","100","60","100","200","600","6","300","5","1","37.39402578111674","{patches [100 100]}","[{patch 70 151} {patch 5 127} {patch 25 94} {patch 100 100}]","[]","187","1436","773","202","8","false","true","",""
"15","true","30","0.01","60","300","1.5","100","1.5","7","15","500","1.5","5","1.5","15","200","0.1","2","50","30","30","30","15","2","200","75","1","5","60","400","0","100","33","3","50","300","20","false","65","50","800","30","50","2","5","5","5","tracks (hunters)","20","5","600","5249","50","100","5","28800","{patch 100 100}","30","1.5","0.01","0.1","7","0.1111111111111111","0","2","5","50","1.5","2","65","15","0.013888888888888888","0.027777777777777776","0.16666666666666669","0.08333333333333334","5","30","5","30","400","800","1","1","200","15","5","10","1.5","2","33","20","0.16666666666666669","0.41666666666666674","0.16666666666666669","60","100","60","100","200","600","6","300","5","1","27.37430751605841","{patches [100 100]}","[]","{patches [65 131] [163 92] [14 70] [142 42] [59 7]}","504","1285","3998","728","9","true","false"," (hunter 16)"," (prey 5)"
"16","true","30","0.01","60","300","1.5","100","1.5","7","15","500","1.5","5","1.5","15","200","0.1","2","50","30","30","30","15","2","200","75","1","5","60","400","0","100","33","4","50","300","20","false","65","50","800","30","50","2","5","5","5","tracks (hunters)","20","5","600","5176","50","100","5","28800","{patch 100 100}","30","1.5","0.01","0.1","7","0.1111111111111111","0","2","5","50","1.5","2","65","15","0.013888888888888888","0.027777777777777776","0.16666666666666669","0.08333333333333334","5","30","5","30","400","800","1","1","200","15","5","10","1.5","2","33","20","0.16666666666666669","0.41666666666666674","0.16666666666666669","60","100","60","100","200","600","6","300","5","1","22.951673420698107","{patches [100 100]}","[]","{patches [84 180] [165 148] [83 120] [199 87] [136 29]}","489","550","3695","575","3","true","false"," (hunter 15)"," (prey 6)"
"14","true","30","0.01","60","300","1.5","100","1.5","7","15","500","1.5","5","1.5","15","200","0.1","2","50","30","30","30","15","2","200","75","1","5","60","400","0","100","33","2","50","300","20","false","65","50","800","30","50","2","5","5","5","tracks (hunters)","20","5","600","19782","50","100","5","28800","{patch 100 100}","30","1.5","0.01","0.1","7","0.1111111111111111","0","2","5","50","1.5","2","65","15","0.013888888888888888","0.027777777777777776","0.16666666666666669","0.08333333333333334","5","30","5","30","400","800","1","1","200","15","5","10","1.5","2","33","20","0.16666666666666669","0.41666666666666674","0.16666666666666669","60","100","60","100","200","600","6","300","5","1","20.031152590511027","{patches [100 100]}","[{patch 95 171}]","{patches [21 172] [64 104] [39 93] [117 88]}","680","2263","4512","1207","3","true","false"," (hunter 16)"," (prey 0)"
"9","true","30","0.01","60","300","1.5","100","1.5","7","15","500","1.5","5","1.5","15","200","0.1","2","50","30","30","30","15","1","200","75","1","5","60","400","0","100","33","8","50","300","20","false","65","50","800","30","50","2","5","5","5","tracks (hunters)","20","5","600","53996","50","100","5","28800","{patch 100 100}","30","1.5","0.01","0.1","7","0.1111111111111111","0","1","5","50","1.5","2","65","15","0.013888888888888888","0.027777777777777776","0.16666666666666669","0.08333333333333334","5","30","5","30","400","800","1","1","200","15","5","10","1.5","2","33","20","0.16666666666666669","0.41666666666666674","0.16666666666666669","60","100","60","100","200","600","6","300","5","1","27.378295643784924","{patches [100 100]}","[{patch 8 104} {patch 16 17} {patch 100 100}]","[]","1054","4460","6441","2833","19","false","true","",""
"13","true","30","0.01","60","300","1.5","100","1.5","7","15","500","1.5","5","1.5","15","200","0.1","2","50","30","30","30","15","2","200","75","1","5","60","400","0","100","33","1","50","300","20","false","65","50","800","30","50","2","5","5","5","tracks (hunters)","20","5","600","32472","50","100","5","28800","{patch 100 100}","30","1.5","0.01","0.1","7","0.1111111111111111","0","2","5","50","1.5","2","65","15","0.013888888888888888","0.027777777777777776","0.16666666666666669","0.08333333333333334","5","30","5","30","400","800","1","1","200","15","5","10","1.5","2","33","20","0.16666666666666669","0.41666666666666674","0.16666666666666669","60","100","60","100","200","600","6","300","5","1","28.377780209683642","{patches [100 100]}","[{patch 113 33} {patch 44 43} {patch 97 79} {patch 92 120} {patch 99 174} {patch 100 100}]","[]","560","1511","4476","1221","0","false","true","",""
"8","true","30","0.01","60","300","1.5","100","1.5","7","15","500","1.5","5","1.5","15","200","0.1","2","50","30","30","30","15","1","200","75","1","5","60","400","0","100","33","7","50","300","20","false","65","50","800","30","50","2","5","5","5","tracks (hunters)","20","5","600","65786","50","100","5","28800","{patch 100 100}","30","1.5","0.01","0.1","7","0.1111111111111111","0","1","5","50","1.5","2","65","15","0.013888888888888888","0.027777777777777776","0.16666666666666669","0.08333333333333334","5","30","5","30","400","800","1","1","200","15","5","10","1.5","2","33","20","0.16666666666666669","0.41666666666666674","0.16666666666666669","60","100","60","100","200","600","6","300","5","1","27.37430199099815","{patches [100 100]}","[{patch 136 142} {patch 100 100}]","[]","1143","5043","6231","4724","0","false","true","",""
"21","true","30","0.01","60","300","1.5","100","1.5","7","15","500","1.5","5","1.5","15","200","0.1","2","50","30","30","30","15","2","200","75","1","5","60","400","0","100","33","9","50","300","20","false","65","50","800","30","50","2","5","5","5","tracks (hunters)","20","5","600","1163","50","100","5","28800","{patch 100 100}","30","1.5","0.01","0.1","7","0.1111111111111111","0","2","5","50","1.5","2","65","15","0.013888888888888888","0.027777777777777776","0.16666666666666669","0.08333333333333334","5","30","5","30","400","800","1","1","200","15","5","10","1.5","2","33","20","0.16666666666666669","0.41666666666666674","0.16666666666666669","60","100","60","100","200","600","6","300","5","1","37.39402578111674","{patches [100 100]}","[]","{patches [15 194] [70 151] [5 127] [122 95] [25 94]}","30","56","269","79","18","true","false"," (hunter 16)"," (prey 14)"
"11","true","30","0.01","60","300","1.5","100","1.5","7","15","500","1.5","5","1.5","15","200","0.1","2","50","30","30","30","15","1","200","75","1","5","60","400","0","100","33","10","50","300","20","false","65","50","800","30","50","2","5","5","5","tracks (hunters)","20","5","600","54539","50","100","5","28800","{patch 100 100}","30","1.5","0.01","0.1","7","0.1111111111111111","0","1","5","50","1.5","2","65","15","0.013888888888888888","0.027777777777777776","0.16666666666666669","0.08333333333333334","5","30","5","30","400","800","1","1","200","15","5","10","1.5","2","33","20","0.16666666666666669","0.41666666666666674","0.16666666666666669","60","100","60","100","200","600","6","300","5","1","20.79570837173643","{patches [100 100]}","[{patch 23 87} {patch 142 35} {patch 100 100}]","[]","960","4003","6702","3411","0","false","true","",""
"19","true","30","0.01","60","300","1.5","100","1.5","7","15","500","1.5","5","1.5","15","200","0.1","2","50","30","30","30","15","2","200","75","1","5","60","400","0","100","33","7","50","300","20","false","65","50","800","30","50","2","5","5","5","tracks (hunters)","20","5","600","8176","50","100","5","28800","{patch 100 100}","30","1.5","0.01","0.1","7","0.1111111111111111","0","2","5","50","1.5","2","65","15","0.013888888888888888","0.027777777777777776","0.16666666666666669","0.08333333333333334","5","30","5","30","400","800","1","1","200","15","5","10","1.5","2","33","20","0.16666666666666669","0.41666666666666674","0.16666666666666669","60","100","60","100","200","600","6","300","5","1","27.37430199099815","{patches [100 100]}","[]","{patches [8 143] [136 142] [88 127] [35 112] [107 101]}","529","1860","3445","788","1","true","false"," (hunter 15)"," (prey 7)"
"23","true","30","0.01","60","300","1.5","100","1.5","7","15","500","1.5","5","1.5","15","200","0.1","2","50","30","30","30","15","3","200","75","1","5","60","400","0","100","33","0","50","300","20","false","65","50","800","30","50","2","5","5","5","tracks (hunters)","20","5","600","2648","50","100","5","28800","{patch 100 100}","30","1.5","0.01","0.1","7","0.1111111111111111","0","3","5","50","1.5","2","65","15","0.013888888888888888","0.027777777777777776","0.16666666666666669","0.08333333333333334","5","30","5","30","400","800","1","1","200","15","5","10","1.5","2","33","20","0.16666666666666669","0.41666666666666674","0.16666666666666669","60","100","60","100","200","600","6","300","5","1","23.604399795447833","{patches [100 100]}","[]","{patches [75 106] [61 78] [87 72] [99 41] [124 25]}","377","264","3941","371","5","true","false"," (hunter 15)"," (prey 7)"
"20","true","30","0.01","60","300","1.5","100","1.5","7","15","500","1.5","5","1.5","15","200","0.1","2","50","30","30","30","15","2","200","75","1","5","60","400","0","100","33","8","50","300","20","false","65","50","800","30","50","2","5","5","5","tracks (hunters)","20","5","600","13790","50","100","5","28800","{patch 100 100}","30","1.5","0.01","0.1","7","0.1111111111111111","0","2","5","50","1.5","2","65","15","0.013888888888888888","0.027777777777777776","0.16666666666666669","0.08333333333333334","5","30","5","30","400","800","1","1","200","15","5","10","1.5","2","33","20","0.16666666666666669","0.41666666666666674","0.16666666666666669","60","100","60","100","200","600","6","300","5","1","27.378295643784924","{patches [100 100]}","[]","{patches [83 184] [171 177] [8 104] [67 26] [16 17]}","884","2752","6358","1402","16","true","false"," (hunter 15)"," (prey 8)"
"18","true","30","0.01","60","300","1.5","100","1.5","7","15","500","1.5","5","1.5","15","200","0.1","2","50","30","30","30","15","2","200","75","1","5","60","400","0","100","33","6","50","300","20","false","65","50","800","30","50","2","5","5","5","tracks (hunters)","20","5","600","17972","50","100","5","28800","{patch 100 100}","30","1.5","0.01","0.1","7","0.1111111111111111","0","2","5","50","1.5","2","65","15","0.013888888888888888","0.027777777777777776","0.16666666666666669","0.08333333333333334","5","30","5","30","400","800","1","1","200","15","5","10","1.5","2","33","20","0.16666666666666669","0.41666666666666674","0.16666666666666669","60","100","60","100","200","600","6","300","5","1","22.81446441972407","{patches [100 100]}","[{patch 191 165}]","{patches [75 184] [20 159] [130 65] [96 42]}","635","640","6578","623","15","true","false"," (hunter 15)"," (prey 0)"
"17","true","30","0.01","60","300","1.5","100","1.5","7","15","500","1.5","5","1.5","15","200","0.1","2","50","30","30","30","15","2","200","75","1","5","60","400","0","100","33","5","50","300","20","false","65","50","800","30","50","2","5","5","5","tracks (hunters)","20","5","600","25311","50","100","5","28800","{patch 100 100}","30","1.5","0.01","0.1","7","0.1111111111111111","0","2","5","50","1.5","2","65","15","0.013888888888888888","0.027777777777777776","0.16666666666666669","0.08333333333333334","5","30","5","30","400","800","1","1","200","15","5","10","1.5","2","33","20","0.16666666666666669","0.41666666666666674","0.16666666666666669","60","100","60","100","200","600","6","300","5","1","20.750392226063806","{patches [100 100]}","[{patch 23 104} {patch 57 164} {patch 124 21} {patch 112 87} {patch 84 39} {patch 100 100}]","[]","527","2869","5542","1427","0","false","true","",""
"27","true","30","0.01","60","300","1.5","100","1.5","7","15","500","1.5","5","1.5","15","200","0.1","2","50","30","30","30","15","3","200","75","1","5","60","400","0","100","33","4","50","300","20","false","65","50","800","30","50","2","5","5","5","tracks (hunters)","20","5","600","3361","50","100","5","28800","{patch 100 100}","30","1.5","0.01","0.1","7","0.1111111111111111","0","3","5","50","1.5","2","65","15","0.013888888888888888","0.027777777777777776","0.16666666666666669","0.08333333333333334","5","30","5","30","400","800","1","1","200","15","5","10","1.5","2","33","20","0.16666666666666669","0.41666666666666674","0.16666666666666669","60","100","60","100","200","600","6","300","5","1","22.951673420698107","{patches [100 100]}","[]","{patches [84 180] [165 148] [83 120] [199 87] [136 29]}","473","382","3485","295","12","true","false"," (hunter 16)"," (prey 9)"
"26","true","30","0.01","60","300","1.5","100","1.5","7","15","500","1.5","5","1.5","15","200","0.1","2","50","30","30","30","15","3","200","75","1","5","60","400","0","100","33","3","50","300","20","false","65","50","800","30","50","2","5","5","5","tracks (hunters)","20","5","600","5663","50","100","5","28800","{patch 100 100}","30","1.5","0.01","0.1","7","0.1111111111111111","0","3","5","50","1.5","2","65","15","0.013888888888888888","0.027777777777777776","0.16666666666666669","0.08333333333333334","5","30","5","30","400","800","1","1","200","15","5","10","1.5","2","33","20","0.16666666666666669","0.41666666666666674","0.16666666666666669","60","100","60","100","200","600","6","300","5","1","27.37430751605841","{patches [100 100]}","[]","{patches [65 131] [163 92] [14 70] [142 42] [59 7]}","861","2055","5926","882","12","true","false"," (hunter 15)"," (prey 13)"
"28","true","30","0.01","60","300","1.5","100","1.5","7","15","500","1.5","5","1.5","15","200","0.1","2","50","30","30","30","15","3","200","75","1","5","60","400","0","100","33","5","50","300","20","false","65","50","800","30","50","2","5","5","5","tracks (hunters)","20","5","600","3381","50","100","5","28800","{patch 100 100}","30","1.5","0.01","0.1","7","0.1111111111111111","0","3","5","50","1.5","2","65","15","0.013888888888888888","0.027777777777777776","0.16666666666666669","0.08333333333333334","5","30","5","30","400","800","1","1","200","15","5","10","1.5","2","33","20","0.16666666666666669","0.41666666666666674","0.16666666666666669","60","100","60","100","200","600","6","300","5","1","20.750392226063806","{patches [100 100]}","[]","{patches [57 164] [23 104] [112 87] [84 39] [124 21]}","417","1533","3496","777","2","true","false"," (hunter 15)"," (prey 1)"
"22","true","30","0.01","60","300","1.5","100","1.5","7","15","500","1.5","5","1.5","15","200","0.1","2","50","30","30","30","15","2","200","75","1","5","60","400","0","100","33","10","50","300","20","false","65","50","800","30","50","2","5","5","5","tracks (hunters)","20","5","600","27006","50","100","5","28800","{patch 100 100}","30","1.5","0.01","0.1","7","0.1111111111111111","0","2","5","50","1.5","2","65","15","0.013888888888888888","0.027777777777777776","0.16666666666666669","0.08333333333333334","5","30","5","30","400","800","1","1","200","15","5","10","1.5","2","33","20","0.16666666666666669","0.41666666666666674","0.16666666666666669","60","100","60","100","200","600","6","300","5","1","20.79570837173643","{patches [100 100]}","[{patch 142 35}]","{patches [13 195] [60 171] [23 87] [92 78]}","1457","4260","11805","2935","10","true","false"," (hunter 16)"," (prey 9)"
"30","true","30","0.01","60","300","1.5","100","1.5","7","15","500","1.5","5","1.5","15","200","0.1","2","50","30","30","30","15","3","200","75","1","5","60","400","0","100","33","7","50","300","20","false","65","50","800","30","50","2","5","5","5","tracks (hunters)","20","5","600","14893","50","100","5","28800","{patch 100 100}","30","1.5","0.01","0.1","7","0.1111111111111111","0","3","5","50","1.5","2","65","15","0.013888888888888888","0.027777777777777776","0.16666666666666669","0.08333333333333334","5","30","5","30","400","800","1","1","200","15","5","10","1.5","2","33","20","0.16666666666666669","0.41666666666666674","0.16666666666666669","60","100","60","100","200","600","6","300","5","1","27.37430199099815","{patches [100 100]}","[]","{patches [8 143] [136 142] [88 127] [35 112] [107 101]}","1450","2310","9121","1334","17","true","false"," (hunter 15)"," (prey 4)"
"24","true","30","0.01","60","300","1.5","100","1.5","7","15","500","1.5","5","1.5","15","200","0.1","2","50","30","30","30","15","3","200","75","1","5","60","400","0","100","33","1","50","300","20","false","65","50","800","30","50","2","5","5","5","tracks (hunters)","20","5","600","32780","50","100","5","28800","{patch 100 100}","30","1.5","0.01","0.1","7","0.1111111111111111","0","3","5","50","1.5","2","65","15","0.013888888888888888","0.027777777777777776","0.16666666666666669","0.08333333333333334","5","30","5","30","400","800","1","1","200","15","5","10","1.5","2","33","20","0.16666666666666669","0.41666666666666674","0.16666666666666669","60","100","60","100","200","600","6","300","5","1","28.377780209683642","{patches [100 100]}","[{patch 113 33} {patch 97 79} {patch 92 120} {patch 99 174} {patch 44 43} {patch 100 100}]","[]","709","938","3395","729","0","false","true","",""
"33","true","30","0.01","60","300","1.5","100","1.5","7","15","500","1.5","5","1.5","15","200","0.1","2","50","30","30","30","15","3","200","75","1","5","60","400","0","100","33","10","50","300","20","false","65","50","800","30","50","2","5","5","5","tracks (hunters)","20","5","600","4518","50","100","5","28800","{patch 100 100}","30","1.5","0.01","0.1","7","0.1111111111111111","0","3","5","50","1.5","2","65","15","0.013888888888888888","0.027777777777777776","0.16666666666666669","0.08333333333333334","5","30","5","30","400","800","1","1","200","15","5","10","1.5","2","33","20","0.16666666666666669","0.41666666666666674","0.16666666666666669","60","100","60","100","200","600","6","300","5","1","20.79570837173643","{patches [100 100]}","[]","{patches [13 195] [60 171] [23 87] [92 78] [142 35]}","492","1249","2227","454","4","true","false"," (hunter 16)"," (prey 12)"
"25","true","30","0.01","60","300","1.5","100","1.5","7","15","500","1.5","5","1.5","15","200","0.1","2","50","30","30","30","15","3","200","75","1","5","60","400","0","100","33","2","50","300","20","false","65","50","800","30","50","2","5","5","5","tracks (hunters)","20","5","600","34395","50","100","5","28800","{patch 100 100}","30","1.5","0.01","0.1","7","0.1111111111111111","0","3","5","50","1.5","2","65","15","0.013888888888888888","0.027777777777777776","0.16666666666666669","0.08333333333333334","5","30","5","30","400","800","1","1","200","15","5","10","1.5","2","33","20","0.16666666666666669","0.41666666666666674","0.16666666666666669","60","100","60","100","200","600","6","300","5","1","20.031152590511027","{patches [100 100]}","[{patch 117 88} {patch 21 172} {patch 100 100}]","[]","568","1205","4058","799","7","false","true","",""
"31","true","30","0.01","60","300","1.5","100","1.5","7","15","500","1.5","5","1.5","15","200","0.1","2","50","30","30","30","15","3","200","75","1","5","60","400","0","100","33","8","50","300","20","false","65","50","800","30","50","2","5","5","5","tracks (hunters)","20","5","600","25618","50","100","5","28800","{patch 100 100}","30","1.5","0.01","0.1","7","0.1111111111111111","0","3","5","50","1.5","2","65","15","0.013888888888888888","0.027777777777777776","0.16666666666666669","0.08333333333333334","5","30","5","30","400","800","1","1","200","15","5","10","1.5","2","33","20","0.16666666666666669","0.41666666666666674","0.16666666666666669","60","100","60","100","200","600","6","300","5","1","27.378295643784924","{patches [100 100]}","[{patch 83 184} {patch 171 177}]","{patches [8 104] [67 26] [16 17]}","967","1716","5083","704","6","true","false"," (hunter 16)"," (prey 3)"
"29","true","30","0.01","60","300","1.5","100","1.5","7","15","500","1.5","5","1.5","15","200","0.1","2","50","30","30","30","15","3","200","75","1","5","60","400","0","100","33","6","50","300","20","false","65","50","800","30","50","2","5","5","5","tracks (hunters)","20","5","600","39160","50","100","5","28800","{patch 100 100}","30","1.5","0.01","0.1","7","0.1111111111111111","0","3","5","50","1.5","2","65","15","0.013888888888888888","0.027777777777777776","0.16666666666666669","0.08333333333333334","5","30","5","30","400","800","1","1","200","15","5","10","1.5","2","33","20","0.16666666666666669","0.41666666666666674","0.16666666666666669","60","100","60","100","200","600","6","300","5","1","22.81446441972407","{patches [100 100]}","[{patch 191 165} {patch 100 100}]","[]","2314","964","15720","834","0","false","true","",""
"32","true","30","0.01","60","300","1.5","100","1.5","7","15","500","1.5","5","1.5","15","200","0.1","2","50","30","30","30","15","3","200","75","1","5","60","400","0","100","33","9","50","300","20","false","65","50","800","30","50","2","5","5","5","tracks (hunters)","20","5","600","121777","50","100","5","28800","{patch 100 100}","30","1.5","0.01","0.1","7","0.1111111111111111","0","3","5","50","1.5","2","65","15","0.013888888888888888","0.027777777777777776","0.16666666666666669","0.08333333333333334","5","30","5","30","400","800","1","1","200","15","5","10","1.5","2","33","20","0.16666666666666669","0.41666666666666674","0.16666666666666669","60","100","60","100","200","600","6","300","5","1","37.39402578111674","{patches [100 100]}","[{patch 122 95} {patch 100 100}]","[]","867","2183","4267","670","0","false","true","",""
